<?xml version="1.0" encoding="UTF-8"?>
<sbml xmlns="http://www.sbml.org/sbml/level3/version2/core" level="3" version="2">
  <model name="createModelPresimulation">
    <listOfCompartments>
      <compartment id="default" spatialDimensions="3" size="1" constant="true"/>
    </listOfCompartments>
    <listOfSpecies>
      <species id="__s0" name="PROT(kin=None, drug=None, phospho=&apos;u&apos;)" compartment="default" hasOnlySubstanceUnits="true" boundaryCondition="false" constant="false"/>
      <species id="__s1" name="DRUG(bound=None)" compartment="default" hasOnlySubstanceUnits="true" boundaryCondition="false" constant="false"/>
      <species id="__s2" name="KIN(bound=None)" compartment="default" hasOnlySubstanceUnits="true" boundaryCondition="false" constant="false"/>
      <species id="__s3" name="DRUG(bound=1) ._br_PROT(kin=None, drug=1, phospho=&apos;u&apos;)" compartment="default" hasOnlySubstanceUnits="true" boundaryCondition="false" constant="false"/>
      <species id="__s4" name="KIN(bound=1) ._br_PROT(kin=1, drug=None, phospho=&apos;u&apos;)" compartment="default" hasOnlySubstanceUnits="true" boundaryCondition="false" constant="false"/>
      <species id="__s5" name="PROT(kin=None, drug=None, phospho=&apos;p&apos;)" compartment="default" hasOnlySubstanceUnits="true" boundaryCondition="false" constant="false"/>
    </listOfSpecies>
    <listOfParameters>
      <parameter id="initProt" name="initProt" constant="false"/>
      <parameter id="initDrug" name="initDrug" constant="false"/>
      <parameter id="initKin" name="initKin" constant="false"/>
      <parameter id="pPROT_obs" name="pPROT_obs" constant="false"/>
      <parameter id="PROT_0" name="PROT_0" value="10" constant="true"/>
      <parameter id="DRUG_0" name="DRUG_0" value="9" constant="true"/>
      <parameter id="KIN_0" name="KIN_0" value="1" constant="true"/>
      <parameter id="kon_prot_drug" name="kon_prot_drug" value="0.1" constant="true"/>
      <parameter id="koff_prot_drug" name="koff_prot_drug" value="0.1" constant="true"/>
      <parameter id="kon_prot_kin" name="kon_prot_kin" value="0.1" constant="true"/>
      <parameter id="kphospho_prot_kin" name="kphospho_prot_kin" value="0.1" constant="true"/>
      <parameter id="kdephospho_prot" name="kdephospho_prot" value="0.1" constant="true"/>
      <parameter id="__obs0" name="pPROT" constant="false"/>
      <parameter id="__obs1" name="tPROT" constant="false"/>
    </listOfParameters>
    <listOfInitialAssignments>
      <initialAssignment symbol="__s0">
        <math xmlns="http://www.w3.org/1998/Math/MathML">
          <ci> initProt </ci>
        </math>
      </initialAssignment>
      <initialAssignment symbol="__s1">
        <math xmlns="http://www.w3.org/1998/Math/MathML">
          <ci> initDrug </ci>
        </math>
      </initialAssignment>
      <initialAssignment symbol="__s2">
        <math xmlns="http://www.w3.org/1998/Math/MathML">
          <ci> initKin </ci>
        </math>
      </initialAssignment>
    </listOfInitialAssignments>
    <listOfRules>
      <assignmentRule variable="initProt">
        <math xmlns="http://www.w3.org/1998/Math/MathML">
          <ci> PROT_0 </ci>
        </math>
      </assignmentRule>
      <assignmentRule variable="initDrug">
        <math xmlns="http://www.w3.org/1998/Math/MathML">
          <ci> DRUG_0 </ci>
        </math>
      </assignmentRule>
      <assignmentRule variable="initKin">
        <math xmlns="http://www.w3.org/1998/Math/MathML">
          <ci> KIN_0 </ci>
        </math>
      </assignmentRule>
      <assignmentRule variable="pPROT_obs">
        <math xmlns="http://www.w3.org/1998/Math/MathML">
          <apply>
            <divide/>
            <ci> __s5 </ci>
            <apply>
              <plus/>
              <ci> __s0 </ci>
              <ci> __s3 </ci>
              <ci> __s4 </ci>
              <ci> __s5 </ci>
            </apply>
          </apply>
        </math>
      </assignmentRule>
      <assignmentRule variable="__obs0">
        <math xmlns="http://www.w3.org/1998/Math/MathML">
          <ci> __s5 </ci>
        </math>
      </assignmentRule>
      <assignmentRule variable="__obs1">
        <math xmlns="http://www.w3.org/1998/Math/MathML">
          <apply>
            <plus/>
            <ci> __s0 </ci>
            <ci> __s3 </ci>
            <ci> __s4 </ci>
            <ci> __s5 </ci>
          </apply>
        </math>
      </assignmentRule>
    </listOfRules>
    <listOfReactions>
      <reaction id="r0" name="PROT_DRUG_bind" reversible="true">
        <listOfReactants>
          <speciesReference species="__s0" constant="true"/>
          <speciesReference species="__s1" constant="true"/>
        </listOfReactants>
        <listOfProducts>
          <speciesReference species="__s3" constant="true"/>
        </listOfProducts>
        <kineticLaw>
          <math xmlns="http://www.w3.org/1998/Math/MathML">
            <apply>
              <minus/>
              <apply>
                <times/>
                <ci> __s0 </ci>
                <ci> __s1 </ci>
                <ci> kon_prot_drug </ci>
              </apply>
              <apply>
                <times/>
                <ci> __s3 </ci>
                <ci> koff_prot_drug </ci>
              </apply>
            </apply>
          </math>
        </kineticLaw>
      </reaction>
      <reaction id="r1" name="PROT_KIN_bind" reversible="false">
        <listOfReactants>
          <speciesReference species="__s0" constant="true"/>
          <speciesReference species="__s2" constant="true"/>
        </listOfReactants>
        <listOfProducts>
          <speciesReference species="__s4" constant="true"/>
        </listOfProducts>
        <kineticLaw>
          <math xmlns="http://www.w3.org/1998/Math/MathML">
            <apply>
              <times/>
              <ci> __s0 </ci>
              <ci> __s2 </ci>
              <ci> kon_prot_kin </ci>
            </apply>
          </math>
        </kineticLaw>
      </reaction>
      <reaction id="r2" name="PROT_KIN_phospho" reversible="false">
        <listOfReactants>
          <speciesReference species="__s4" constant="true"/>
        </listOfReactants>
        <listOfProducts>
          <speciesReference species="__s2" constant="true"/>
          <speciesReference species="__s5" constant="true"/>
        </listOfProducts>
        <kineticLaw>
          <math xmlns="http://www.w3.org/1998/Math/MathML">
            <apply>
              <times/>
              <ci> __s4 </ci>
              <ci> kphospho_prot_kin </ci>
            </apply>
          </math>
        </kineticLaw>
      </reaction>
      <reaction id="r3" name="PROT_dephospho" reversible="false">
        <listOfReactants>
          <speciesReference species="__s5" constant="true"/>
        </listOfReactants>
        <listOfProducts>
          <speciesReference species="__s0" constant="true"/>
        </listOfProducts>
        <kineticLaw>
          <math xmlns="http://www.w3.org/1998/Math/MathML">
            <apply>
              <times/>
              <ci> __s5 </ci>
              <ci> kdephospho_prot </ci>
            </apply>
          </math>
        </kineticLaw>
      </reaction>
    </listOfReactions>
  </model>
</sbml>
